image_name,angle,description,rotated_path
1 (1000).jpg,0,"Here’s a detailed description of the image:

**Subject:** The image depicts a close-up, black-and-white portrait of an elderly man.

**Age and Ethnicity:** The man appears to be very old, likely in his late 80s or 90s.  His features strongly suggest a Southeast Asian ethnicity, possibly Thai or Cambodian, based on his facial structure, particularly the prominent nose and the shape of his eyes.

**Gender:** Male.

**Facial Features:** 
*   **Skin:** His skin is deeply wrinkled and weathered, showing significant age and exposure to the elements. There are prominent lines around the eyes, mouth, and forehead.
*   **Nose:** He has a very large, prominent, bulbous nose.
*   **Eyes:** His eyes are partially closed, with a gentle, almost serene expression. There is a slight squint.
*   **Mouth:** His mouth is thin and slightly downturned, giving him a contemplative or perhaps slightly sad appearance. The lines around his mouth are deep.
*   **Hair:** The man has sparse, white hair, most likely thinning on top. 

**Expression:** The overall expression is one of quiet contemplation and perhaps a touch of melancholy. It is a very honest and deeply expressive portrait.

**Lighting & Composition:** The lighting is dramatic, with a strong contrast between light and shadow.  The high-contrast lighting accentuates the wrinkles and textures of his face. The composition focuses entirely on the man’s face, creating an intense and intimate portrait.

**Overall Impression:** The image is powerful and poignant. It’s a portrait of a life lived, showcasing the beauty and wisdom that can be found in the face of aging. 

Let me know if you’d like me to focus on a specific aspect of the image!",C:\Users\taran\OneDrive\Documents\thesis doc\Augmentation\fine tune\1 (1000).jpg
1 (1000).jpg,90,"Here's a detailed description of the image:

**Subject:** The image portrays a highly aged and deformed human head, presented in a profile view. It's a striking and unsettling portrait.

**Features:**

*   **Age & Deformation:** The head appears to be extremely old – likely well into its late 80s or 90s. It has undergone significant and extreme deformation. The facial structure is severely distorted.
*   **Skin:** The skin is deeply wrinkled, heavily textured with prominent folds and folds around the eyes, mouth, and cheeks. It appears very thin and delicate.
*   **Eyes:** The eyes are recessed and heavily shadowed, appearing as small, dark indentations.
*   **Mouth:** The mouth is slightly open, revealing teeth that appear worn and decayed.
*   **Hair:** The remaining hair is sparse, white, and slightly unkempt.
*   **Hands:** Two skeletal hands are draped over the head, likely belonging to a person holding it. The hands appear aged and emaciated.

**Gender & Ethnicity:**

It’s difficult to ascertain with certainty. The features are so heavily altered that it is difficult to deduce ethnicity or gender definitively.

**Emotional Expression:**

The expression is difficult to interpret due to the extreme deformation. It is difficult to determine if it’s meant to be sorrowful, peaceful, or something else, but the somber expression is implied.

**Technical Aspects:**

*   **Black and White:** The image is in stark black and white, which emphasizes the textures and contours of the head. 
*   **Lighting:** The lighting is dramatic, accentuating the wrinkles and folds of the skin.

**Overall Impression:** The image is a powerful and unsettling representation of extreme aging, potentially hinting at themes of death, fragility, and the ravages of time.

Let me know if you want me to focus on a particular aspect of the image!",C:\Users\taran\OneDrive\Documents\thesis doc\Augmentation\fine tune\rotated_90_1 (1000).jpg
1 (1000).jpg,180,"Here's a detailed description of the image:

**Subject & Form:**

*   The image presents a close-up, highly stylized rendering of a man's face. It’s almost entirely focused on the upper portion of the head and shoulders.
*   The face is exaggerated and distorted, giving it an almost monstrous or grotesque appearance. The proportions are significantly altered, and the textures are intensely rendered. 

**Features:**

*   **Skin Texture:** The skin is the dominant element. It's rendered with an extreme level of detail, showing deep wrinkles, folds, and creases. It looks like the skin has been sculpted to resemble a textured surface like granite or stone. 
*   **Eyes:** The eyes are deeply set and dark, appearing sunken and shadowed. They convey a sense of sorrow, sadness, or perhaps a profound sense of weariness.
*   **Eyebrows:** The eyebrows are heavy and furrowed, adding to the expression of sadness.
*   **Nose:** The nose is large and prominent.
*   **Mouth:** The mouth is closed, adding to the somber mood.
*   **Hair:** The hair is thick, gray, and slightly unkempt. 

**Expression:** 

*   The overall expression is one of deep sorrow, sadness, or possibly immense grief. The downward turned eyes and furrowed brows suggest a heavy burden and a feeling of overwhelming despair. 

**Age & Ethnicity:**

*   The man appears to be an elderly individual. The deep wrinkles and gray hair indicate advanced age.
*   It's difficult to determine a specific ethnicity from the image, due to the stylized rendering and lack of clear features. However, the heavy features and slightly weathered appearance suggest an Eastern European or Slavic heritage. 

**Technical Aspects:**

*   **Monochrome:** The image is entirely in black and white, which intensifies the textural details and emphasizes the mood. 
*   **Lighting:** The lighting appears to be coming from above and slightly to the left, creating strong shadows that emphasize the contours of the face. 

**Overall Impression:**

The image is a dramatic and unsettling depiction of an elderly man's face, conveying a powerful emotional weight. It’s a highly stylized and artistic rendering rather than a realistic portrait.

Do you want me to focus on a particular aspect of the image, such as the artistic style or the emotions it evokes?",C:\Users\taran\OneDrive\Documents\thesis doc\Augmentation\fine tune\rotated_180_1 (1000).jpg
1 (1246).jpg,0,"Here’s a detailed description of the image:

**Overall Impression:**

The image is a close-up, high-fashion portrait focusing on a young man's face. The lighting is quite dramatic, with a strong highlight on his face and a somewhat subdued background. 

**Subject:**

*   **Gender:** Male
*   **Age:** Appears to be in his late teens or early twenties (approximately 18-22 years old).
*   **Ethnicity:** Likely European – the features (skin tone, bone structure) suggest a Caucasian heritage. It's difficult to pinpoint a specific nationality with such a close shot.
*   **Facial Features:** He has a strong, angular face with prominent cheekbones and a slightly furrowed brow. His eyes are strikingly blue and appear intense, with thick, dark eyebrows.  He has a small, slightly upturned nose.
*   **Skin:** His skin is fair with a few faint freckles, suggesting a light complexion.
*   **Hair:** He has dark, messy, slightly wavy hair that partially obscures his forehead. 

**Clothing/Accessories:**

*   **Hat:** A chunky, knit beanie in a muted olive green or mossy color is worn pulled low over his forehead. 
*   **Top:** He is wearing a dark blue, crew-neck t-shirt.


**Emotional Expression:**

His expression is neutral but a little intense.  His eyebrows are slightly furrowed, creating a slightly serious or contemplative expression.  His eyes are direct and focused.  He has a somewhat detached or serious demeanor. 

**Technical Aspects:**

*   **Lighting:** The lighting is dramatic, with a spotlight-like effect on his face. This creates deep shadows and highlights.
*   **Focus:** The focus is sharp on his eyes and forehead.
*   **Composition:** The shot is a tight, close-up portrait, emphasizing the subject’s features and expression. 


Do you want me to zoom in on any particular aspect of the image, or describe something else about it?",C:\Users\taran\OneDrive\Documents\thesis doc\Augmentation\fine tune\1 (1246).jpg
1 (1246).jpg,90,"Here's a detailed description of the image:

**Overall Impression:**

The image is a close-up, slightly angled shot focusing on the face of a young person wearing a green knitted hat. The style has a somewhat moody and artistic feel.

**The Subject:**

*   **Gender:** The subject appears to be female.
*   **Age:** The person appears to be in their late teens or early twenties.
*   **Ethnicity:** The individual has fair skin, suggesting a Caucasian or European background. 
*   **Facial Features:** The subject has a square-shaped face with high cheekbones. They have dark eyebrows and striking blue eyes with visible dark circles underneath, suggesting fatigue or perhaps deliberate styling. Their lips are naturally pink and slightly pursed. There are freckles on their nose and cheeks.
*   **Expression:** The expression is thoughtful and a bit melancholic. The slight frown and downward gaze create a sense of introspection.

**Clothing and Accessories:**

*   **Hat:** A chunky, olive green knitted beanie is pulled over their head, partially obscuring the top of their head. The texture of the knit is clearly visible.
*   **Shirt:** A dark blue shirt or top is visible at the neck.

**Technical Aspects:**

*   **Lighting:** The lighting is soft and diffused, contributing to the muted, artistic atmosphere.
*   **Angle:** The camera is looking up slightly at the subject, which emphasizes their features and creates a subtle depth of field effect.

**Overall Mood:** The image evokes a sense of quiet contemplation or seriousness.",C:\Users\taran\OneDrive\Documents\thesis doc\Augmentation\fine tune\rotated_90_1 (1246).jpg
1 (1246).jpg,180,"Here’s a detailed description of the image:

**Overall Impression:**

The image is a close-up, upside-down shot of a person’s face. The composition is striking and somewhat surreal, focusing on the details of the face and emphasizing the texture of the wool beanie. 

**Person:**

*   **Gender:** The person appears to be female.
*   **Age:** Judging from the skin texture, the individual appears to be in their late teens or early twenties.
*   **Ethnicity:** The person has fair skin, which suggests they might be of European descent, but it's difficult to determine ethnicity with certainty from this image alone.
*   **Facial Features:** They have a round face with a prominent nose and full lips. The skin has a slightly freckled appearance. 

**Appearance:**

*   **Clothing:** The person is wearing a thick, beige or light brown wool beanie that is knitted with a textured pattern. The beanie is pulled down over the head.
*   **Makeup:** The individual has noticeable dark, dramatic eye makeup – particularly dark eyeliner and long, thick lashes. This gives the eyes a striking, almost intense appearance.
*   **Expression:** The person is looking directly at the camera with a neutral, slightly serious expression. It’s hard to discern specific emotions, but the gaze is direct and confident.

**Technical Aspects:**

*   **Lighting:** The lighting appears to be soft and diffused, possibly natural light.
*   **Composition:** The upside-down perspective is a key element of the image, creating a slightly unsettling and thought-provoking effect.

Let me know if you'd like me to focus on any particular aspect of the image!",C:\Users\taran\OneDrive\Documents\thesis doc\Augmentation\fine tune\rotated_180_1 (1246).jpg
1000_F.jpg,0,"Here's a detailed description of the image:

**Overall Impression:**

The image is a close-up portrait of a weathered man against a vast, somewhat barren landscape with several horses in the background. It conveys a sense of ruggedness and a connection to the natural environment.

**The Man:**

*   **Age:** He appears to be in his late 40s to early 50s.
*   **Ethnicity:**  He has a clearly East Asian appearance, likely of Mongolian or Central Asian descent. His features are characteristic of this heritage.
*   **Gender:** Male
*   **Facial Features:** He has strong, angular features, a prominent nose, and deep-set, dark eyes. His skin is tanned and weathered, indicating prolonged exposure to the sun.
*   **Clothing:** He is wearing a dark, rugged-looking jacket with a thick, fur-lined hood (possibly sheepskin). It is dirty and worn. Underneath, a green shirt is visible.
*   **Expression:**  He has a serious, contemplative, and slightly stern expression. His gaze is direct and unwavering. He looks thoughtful and perhaps slightly wary.

**Background:**

*   **Horses:** Several horses are visible in the background, mostly brown in color. They appear to be grazing or standing quietly. This suggests a pastoral or nomadic lifestyle.
*   **Landscape:** The background is a flat, expansive landscape, likely a desert or steppeland. The sky is a clear, pale blue with a few scattered clouds. 

**Composition & Lighting:**

*   The composition focuses primarily on the man's face, creating an intimate connection with the viewer.
*   The lighting appears to be natural daylight, casting a slight shadow beneath his chin.

**Overall Tone:** The image evokes a sense of resilience, self-sufficiency, and connection to the land. It suggests a life of hardship and a deep-rooted cultural identity.",C:\Users\taran\OneDrive\Documents\thesis doc\Augmentation\fine tune\1000_F.jpg
1000_F.jpg,90,"Here's a detailed description of the image:

**Overall Impression:**

The image is a portrait shot taken from a low angle looking up at a man riding a horse. The overall tone is rugged and outdoorsy.

**Subject:**

*   **Man:** The primary subject is a man.
*   **Age:** He appears to be in his late 30s to early 40s.
*   **Ethnicity:** He is of Asian descent, likely East Asian based on his features.
*   **Gender:** Male. 
*   **Facial Features:** He has dark hair, dark eyes, and a serious expression. His eyebrows are furrowed, and his lips are pressed together, suggesting concentration or perhaps concern.
*   **Clothing:** He wears a dark-colored, thick jacket with a collar. The jacket appears to be made of a durable material, fitting for outdoor activity.

**The Horse:**

*   The man is riding a large, brown horse. The horse has a calm and focused expression. 

**Background:**

*   The background is a bright, overcast sky, with light grey clouds. There are some indistinct dark shapes that may be trees in the distance. 

**Composition & Angle:**

*   The image is taken from a low angle, looking up at the man and horse. This perspective emphasizes the strength and power of the horse and the man’s position as a rider.

**Overall Impression:** The image has a strong, dynamic feel. It evokes a sense of adventure, rural life, and a connection with nature.",C:\Users\taran\OneDrive\Documents\thesis doc\Augmentation\fine tune\rotated_90_1000_F.jpg
1000_F.jpg,180,"Here's a detailed description of the image:

**Overall Impression:**

The image is a highly unusual and somewhat unsettling photograph. It depicts a man hanging upside down with a group of horses behind him. The composition creates a sense of disorientation and potential drama.

**Main Subject – The Man:**

*   **Position:** The man is hanging upside down with his head pointed downwards, looking up at the camera. 
*   **Appearance:** He is a man of middle age.  He appears to be Caucasian.
*   **Clothing:** He is wearing a dark gray hooded jacket and what appears to be dark jeans.
*   **Facial Features:** His face is slightly flushed. There are lines around his eyes and mouth, suggesting he is middle-aged or older. He has short, dark hair.
*   **Expression:** His expression is one of surprise, possibly a grimace, and possibly a touch of discomfort or shock. His eyebrows are raised.

**Background – The Horses:**

*   **Number:** There appear to be at least five horses in the background.
*   **Color:** They are predominantly gray.
*   **Position:** They are standing behind the man, seemingly in a field or open area. The horses are looking towards the camera.

**Lighting and Atmosphere:**

*   **Lighting:** The lighting appears to be bright, possibly daylight.
*   **Atmosphere:** The image creates a sense of mystery and potential drama. The unusual positioning of the man and the horses adds to this effect. 

**Additional Notes:**

*   The image seems staged, and there's an element of visual irony in the way it’s presented. 

Let me know if you would like me to focus on any particular aspect of the image!",C:\Users\taran\OneDrive\Documents\thesis doc\Augmentation\fine tune\rotated_180_1000_F.jpg
rotated_180_1 (1000).jpg,0,"Here's a detailed description of the image:

**Overall Impression:**

The image is a dramatic, high-contrast black and white portrait focusing solely on a mature male face. The image is unsettling and evokes a sense of sadness, despair, or deep contemplation.

**Facial Features:**

* **Age:** The subject is extremely elderly, likely in his late 80s or 90s. The wrinkles are deeply etched into his skin, indicating a lifetime of experiences.
* **Ethnicity:** It's difficult to determine precise ethnicity due to the monochromatic nature and the heavy layering of wrinkles. However, there is a suggestion of a Caucasian appearance.
* **Expression:** The primary emotion conveyed is a profound sadness. His eyes are deeply sunken, and his brow is furrowed in a way that creates a downward curve, contributing to the melancholic expression. The slight downturn of the mouth adds to this impression.
* **Skin:** His skin is incredibly wrinkled and textured. The wrinkles are deep and pronounced, highlighting the effects of aging. The skin also appears to be somewhat slack, particularly around the cheeks and jawline.
* **Hair:** He has a dense, gray beard and short, thinning hair.
* **Hands:** The most striking element is the hands.  His hands are deeply wrinkled and prominently displayed, with the palms facing forward, one hand covering the other. 


**Technical Aspects:**

* **Lighting:** The lighting is stark and directional, emphasizing the textures of his skin and hands.
* **Contrast:** The high contrast creates a dramatic effect, further intensifying the emotional impact.

**Overall, the image presents a powerful depiction of the passage of time and the potential for deep emotional weight.** 

Let me know if you would like me to focus on any particular aspect of the image!",C:\Users\taran\OneDrive\Documents\thesis doc\Augmentation\fine tune\rotated_180_1 (1000).jpg
rotated_180_1 (1000).jpg,90,"Here's a detailed description of the image:

**Subject:** The image is a stark, high-contrast black and white portrait of an elderly man’s head. It’s a dramatic and somewhat unsettling image due to the extreme distortion of the face.

**Physical Characteristics:**

*   **Age:** The man appears to be extremely old, likely in his late 80s or 90s. The skin is incredibly stretched and distorted.
*   **Skin:** The skin is exceptionally thin, taut, and deeply wrinkled. It’s almost translucent in places, revealing the underlying bone and muscle. The texture is dominated by deep creases and folds.
*   **Features:** The facial features are heavily exaggerated and distorted. The cheekbones are pushed outwards, the jawline is sunken, and the lips are thin and drawn back. The eye socket is noticeably enlarged.
*   **Hair:** The hair is thin, sparse, and grey, pulled back from the forehead and receding significantly. 
*   **Hands:** Only one hand is visible, gripping the other. It is extremely wrinkled and aged, adding to the overall sense of fragility.

**Ethnic Identity:** It is difficult to ascertain the exact ethnicity based on this image alone. The appearance is neutral, but one can surmise that the person could be from many different ethnic backgrounds. 

**Gender:** The subject is male.

**Expression:** The expression is difficult to definitively interpret, but it appears to be one of profound sadness, weariness, or perhaps a sense of pain. The downturned mouth and heavy eyelids contribute to this impression. 

**Overall Impression:** The photograph is a powerful and haunting portrayal of aging and decay. It creates a sense of vulnerability and emphasizes the fragility of the human body. 

**Technical Aspects:** The image has a high contrast, with deep shadows and bright highlights, which further accentuates the textures and contours of the face. The lighting is dramatic, adding to the image’s intensity. 

Would you like me to describe any specific element of the image in more detail, such as the lighting or the techniques used to achieve the effect?",C:\Users\taran\OneDrive\Documents\thesis doc\Augmentation\fine tune\rotated_90_rotated_180_1 (1000).jpg
rotated_180_1 (1000).jpg,180,"Here's a detailed description of the image:

**Overall Impression:**

The image is a striking black and white portrait of an extremely aged man. The lighting is dramatic, emphasizing the deep wrinkles and pronounced features, creating a powerfully emotive and almost haunting effect.

**Subject:**

*   **Gender:** Male
*   **Age:** Extremely old – likely in his late 80s or 90s. The level of skin wrinkling and loss of elasticity is a clear indicator of immense age.
*   **Ethnicity:** It's difficult to definitively determine ethnicity solely from the image, but the features – the deep creases in the skin, and the shape of the nose and cheeks – suggest a possible Mediterranean or Middle Eastern heritage.
*   **Facial Features:**
    *   **Eyes:** The eyes are deeply shadowed and partially closed, giving a sense of sadness and weariness. You can see the deep wrinkles around the eyes.
    *   **Nose:** The nose is large, bulbous, and exceptionally prominent, dominated by deep wrinkles. 
    *   **Cheeks:** The cheeks are hollowed, emphasizing the sunken appearance.
    *   **Mouth:** The mouth is downturned in a slight frown, and the lines around the mouth are heavily etched.
    *   **Skin:** The skin is extremely wrinkled, leathery, and covered in deep creases. There's a substantial loss of skin elasticity. The surface is very textured.

**Hair:**

*   The hair is thin, gray, and cropped short, appearing almost matted.

**Expression/Emotional State:**

*   The overall impression is one of profound sadness, weariness, and possibly a deep sense of regret. The downturned mouth and shadowed eyes convey a feeling of heavy burden. The image speaks volumes about a life lived.



**Technical Aspects:**

*   **Lighting:** The lighting is very dramatic, creating strong shadows and highlights that accentuate the textures of the skin and features.
*   **Monochrome:** The black and white format intensifies the emotional impact and creates a timeless quality.



If you'd like, you can describe another image for me to analyze!",C:\Users\taran\OneDrive\Documents\thesis doc\Augmentation\fine tune\rotated_180_rotated_180_1 (1000).jpg
rotated_180_1 (1246).jpg,0,"Here's a detailed description of the image:

**Overall Impression:**
The image is a close-up, upside-down shot of a person’s face. It has a somewhat surreal and artistic feel due to the inversion. 

**Subject:**

*   **Gender:** The subject appears to be a female.
*   **Age:** The person seems to be in their late teens or early twenties.
*   **Ethnicity:** Their skin tone suggests Caucasian features.
*   **Facial Features:** They have fair skin with freckles, a slightly rounded nose, and full lips. The eyes are a striking bright blue, and are heavily lined with dark eyeliner. They appear to have quite long, dramatic eyelashes. 

**Clothing and Accessories:**

*   The subject is wearing a thick, cream-colored knitted beanie. The texture of the beanie is clearly visible.
*   The background appears to be a plain, light-colored surface.

**Emotional Expression:**

*   The person's expression is somewhat intense and direct, as if looking straight at the viewer. The heavy eyeliner adds to a feeling of seriousness or perhaps even a touch of vulnerability.



**Technical Aspects:**

*   **Composition:** The upside-down perspective creates a unique and attention-grabbing composition.
*   **Lighting:** The lighting appears soft and natural, illuminating the subject's features evenly.

Would you like me to analyze any particular aspect of the image in more detail?",C:\Users\taran\OneDrive\Documents\thesis doc\Augmentation\fine tune\rotated_180_1 (1246).jpg
rotated_180_1 (1246).jpg,90,"Here’s a detailed description of the image:

**Overall Impression:** 
The image is a close-up, slightly upward-looking shot of a young woman. The composition gives a somewhat intimate and intense feel.

**Subject:** 
* **Gender:** Female
* **Age:** Appears to be in her late teens or early twenties.
* **Ethnicity:** It is difficult to definitively determine ethnicity, but she appears to be Caucasian.
* **Facial Features:** She has a pale complexion with freckles. Her eyebrows are dark and sharply defined. Her eyes are a striking shade of blue-gray. Her lips are a natural pink color. She has a defined jawline and a slightly rounded chin.

**Clothing & Accessories:** 
* She is wearing a chunky, ribbed, olive green knitted beanie. 
* She is wearing a dark blue sweater, the color is visible at the neck and upper chest.

**Expression & Mood:** 
* **Expression:** Her expression is contemplative and slightly melancholic. Her eyes are directed slightly upward, giving the impression of pensive observation. There's a subtle hint of sadness or introspection in her gaze. 
* **Mood:** The image evokes a feeling of quiet contemplation and vulnerability. 

**Technical Aspects:** 
* **Lighting:** The lighting appears to be natural and soft, with no harsh shadows.
* **Focus:** The focus is sharp on her face, blurring the background slightly. 

**Overall, the image presents a young woman with a striking appearance and a nuanced, vulnerable expression.**",C:\Users\taran\OneDrive\Documents\thesis doc\Augmentation\fine tune\rotated_90_rotated_180_1 (1246).jpg
rotated_180_1 (1246).jpg,180,"Here's a detailed description of the image:

**Overall Impression:** 
The image is a close-up portrait of a young man, emphasizing his intense gaze and striking features. It has a slightly moody and serious feel.

**Subject:**

*   **Gender:** Male
*   **Age:** Appears to be in his late teens or early twenties (approximately 18-22 years old).
*   **Ethnicity:** Difficult to pinpoint an exact ethnicity, but he has features suggesting Caucasian descent. He possesses pale skin, which may indicate European ancestry.
*   **Facial Features:**
    *   He has a strong, angular face with prominent cheekbones and a defined jawline.
    *   His eyes are a striking, pale blue-grey color, and he is looking directly at the camera with a serious, almost challenging expression.
    *   His eyebrows are thick and arched, adding to the intensity of his gaze. 
    *   He has a small, slightly downturned mouth. 
    *   He has a few freckles scattered across his nose and cheeks.

**Clothing & Accessories:**

*   He is wearing a thick, moss-green knit beanie that covers the top half of his head. The knit appears to be textured.
*   He is wearing a dark, V-neck shirt.

**Expression & Tone:**

*   His expression is intense and somewhat challenging. It feels somewhat serious, perhaps even a little defiant.
*   The lighting is soft but focused, highlighting his features and adding to the mood.

**Background:**

*   The background is blurry and out of focus, suggesting a shallow depth of field that draws attention to the subject’s face. It appears to be an outdoor setting.


Let me know if you would like me to analyze anything specific about the image!",C:\Users\taran\OneDrive\Documents\thesis doc\Augmentation\fine tune\rotated_180_rotated_180_1 (1246).jpg
rotated_180_1000_F.jpg,0,"Here's a detailed description of the image:

**Overall Impression:**

The image presents a surreal and somewhat unsettling scene. A man is hanging upside down, his head submerged in what appears to be a collection of horses’ heads. The setting is a plain, likely outdoor environment with a clear, bright sky. 

**Main Subject - The Man:**

*   **Position:** The man is hanging upside down, his body suspended, with his head facing downwards.
*   **Appearance:** He appears to be middle-aged, possibly in his late 40s to 50s. 
*   **Clothing:** He is wearing a dark blue or gray hooded jacket. The hood is pulled up, partially obscuring his face. 
*   **Facial Features:** He has a somewhat furrowed brow, suggesting concern or distress. His eyes are wide, and he has a slightly pursed mouth. 
*   **Ethnicity:** It's difficult to determine a precise ethnicity based on the image, but he appears to be Caucasian.

**Background - The Horses’ Heads:**

*   **Arrangement:** There’s a collection of horse heads surrounding the man. They are arranged in a semi-circular pattern.
*   **Color:** They are a muted gray-brown color.
*   **Expression:** The horse heads have a blank, almost vacant expression. 

**Setting:**

*   **Background:** The backdrop is a pale blue sky, indicating an outdoor setting.

**Overall Mood/Interpretation:**

The image evokes a strong sense of unease and a dark, potentially symbolic narrative. The arrangement of the man and the horse heads creates a dramatic and unsettling visual. It is likely intended to be thought-provoking and may be meant to represent themes of despair, loss, or a confrontation with death or the past.

**Note:** Without additional context, the specific meaning of the image is open to interpretation.",C:\Users\taran\OneDrive\Documents\thesis doc\Augmentation\fine tune\rotated_180_1000_F.jpg
rotated_180_1000_F.jpg,90,"Here's a detailed description of the image:

**Overall Impression:**

The image depicts a lone rider on horseback against a vast, pale blue sky filled with scattered clouds. The scene evokes a sense of solitude and perhaps, melancholy.

**Subject:**

*   **Rider:** A man is the primary focus. 
    *   **Age:** He appears to be in his late 30s or early 40s.
    *   **Ethnicity:** He is Asian, likely East Asian, with a slightly weathered face.
    *   **Gender:** Male.
    *   **Clothing:** He's wearing a dark gray, hooded jacket and dark pants. 
    *   **Facial Expression:** He has a deeply furrowed brow and a sad, downturned expression, suggesting sadness or contemplation. His eyes are cast down.

**Horse:**

*   A brown horse is visible behind the rider. It's partially obscured by the rider's body, but its head and neck are clearly visible. 

**Setting and Background:**

*   **Sky:** The background is dominated by a pale, almost washed-out blue sky. There are scattered white clouds in the sky. 
*   **Landscape:** The landscape is not clearly visible, but it appears to be an open field or plain. 

**Composition:**

*   The image is shot from a low angle, looking up at the rider and horse. This adds to the feeling of isolation and perhaps a sense of vulnerability. 

Let me know if you would like me to analyze any specific aspect of the image in more detail!",C:\Users\taran\OneDrive\Documents\thesis doc\Augmentation\fine tune\rotated_90_rotated_180_1000_F.jpg
rotated_180_1000_F.jpg,180,"Here's a detailed description of the image:

**Overall Impression:**

The image is a close-up portrait of a man in a rugged, outdoor setting. There is a herd of horses visible in the background, suggesting a nomadic or pastoral lifestyle. 

**The Man:**

*   **Age:** He appears to be in his late 30s or early 40s.
*   **Ethnicity:** He has a distinct East Asian appearance, likely Central Asian. His facial features - prominent cheekbones, a strong jawline, and thick eyebrows - are characteristic of this region.
*   **Gender:** Male
*   **Clothing:** He is wearing a dark gray, thick, hooded jacket or parka with a substantial fur-lined hood. It looks like a practical garment for cold weather.
*   **Facial Features:** He has dark eyes, a somewhat furrowed brow, and a serious expression. He has stubble on his face.
*   **Expression:** His expression is contemplative and slightly intense. It suggests thoughtfulness, perhaps a sense of responsibility, or maybe a bit of weariness.

**Background and Other Elements:**

*   **Horses:** A group of horses is visible in the background. They appear to be in a vast, open landscape. 
*   **Landscape:** The background is a barren, open landscape under a pale sky. It’s likely a vast, flat area, possibly a steppe or desert environment. 

**Overall Tone:**

The image conveys a sense of ruggedness, resilience, and perhaps a connection to a traditional way of life. 

If you'd like, you can provide another image, and I’ll do my best to describe it in detail.",C:\Users\taran\OneDrive\Documents\thesis doc\Augmentation\fine tune\rotated_180_rotated_180_1000_F.jpg
rotated_90_1 (1000).jpg,0,"Here's a detailed description of the image:

**Overall Impression:**

The image presents a strikingly surreal and unsettling portrait of an elderly individual, rendered in stark black and white. The image appears to be a highly stylized photograph, possibly digitally manipulated, focusing on the extreme distortion of the face and the textures of aging.

**Subject & Features:**

*   **Age:** The individual appears to be extremely elderly, possibly in their late 80s or 90s. The extent of the skin distortion suggests a significant period of advanced aging.
*   **Ethnicity:** It is difficult to determine a specific ethnicity due to the extensive manipulation of the face. However, there are hints of possible Caucasian features.
*   **Gender:** It’s difficult to determine a definitive gender. The facial structure is somewhat ambiguous.
*   **Facial Distortion:** The most arresting aspect of the image is the extreme distortion of the face. The skin is severely stretched and swollen, particularly around the cheeks, jowls, and forehead. This creates an almost grotesque effect, emphasizing the ravages of time and age. The skin has a thick, wrinkly texture.
*   **Eyes:**  The eyes are small, sunken, and deeply shadowed. They contribute to the overall sense of sadness and vulnerability.
*   **Expression:** The expression is difficult to interpret. The closed eyelids and downturned mouth suggest a sense of sadness, resignation, or perhaps a profound weariness. 

**Additional Details:**

*   **Hair:** The hair is sparse, grey, and appears to be somewhat matted and uneven, contributing to the image's overall distressed appearance.
*   **Lighting:** The lighting is dramatic and directional, creating deep shadows and highlights that accentuate the textures of the skin and hair. 

**Overall Tone:**

The image evokes a strong sense of melancholy, fragility, and the inevitable decline of aging. It's a powerful and unsettling depiction of the human condition. 

**Disclaimer:**
*Note that this description is based on a visual interpretation. The image’s manipulation and surreal qualities can make a precise identification challenging.*",C:\Users\taran\OneDrive\Documents\thesis doc\Augmentation\fine tune\rotated_90_1 (1000).jpg
rotated_90_1 (1000).jpg,90,"Here's a detailed description of the image:

**Subject:** The image presents a highly stylized and dramatic representation of a human face, appearing almost sculpted. It strongly resembles a gorilla’s head.

**Details:**

*   **Face Structure:** The face is exaggerated and highly textured. It’s a very close-up shot, emphasizing the features.
*   **Skin Texture:** The skin has a deeply etched, wrinkled appearance, simulating advanced aging and the texture of thick fur. The wrinkles are prominent, creating a strong sense of depth.
*   **Eyes:** The eyes are dark, deep-set, and somewhat sorrowful, conveying a sense of melancholy. The shape is somewhat almond-shaped.
*   **Hands:** The face is holding one hand up to its forehead in a gesture that seems to be pondering or in deep thought. The hand is large and heavily textured.
*   **Hair:** The hair is thick, gray, and slightly unkempt, adding to the overall impression of a weathered, aged individual.

**Interpretation & Emotion:**

*   **Age & Texture:** The extreme texture and wrinkles suggest advanced age, possibly suggesting time, wisdom, and perhaps a degree of suffering.
*   **Expression:** The downward gaze and hand gesture create a serious and somewhat somber mood. The face evokes feelings of loneliness, contemplation, or perhaps even a touch of despair.

**Overall Impression:** This image is a powerful study in texture and expression. It's not a realistic portrait but rather a deeply symbolic representation of age, contemplation, and emotion.

Would you like me to focus on a particular aspect of the image or provide a different type of description?",C:\Users\taran\OneDrive\Documents\thesis doc\Augmentation\fine tune\rotated_90_rotated_90_1 (1000).jpg
rotated_90_1 (1000).jpg,180,"Here's a detailed description of the image:

**Overall Impression:**

The image is a stark, dramatic close-up portrait of a severely disfigured face. It's a high-contrast black and white photograph that emphasizes the textures and extreme distortions of the subject's features. The effect is unsettling and unsettling, conveying a sense of profound suffering or trauma.

**Subject Details:**

*   **Gender:** Appears to be male.
*   **Age:** Extremely old – likely late 70s, 80s, or older. The skin is deeply wrinkled and heavily textured.
*   **Ethnicity:** Difficult to ascertain definitively due to the severe distortion, but likely Caucasian.
*   **Facial Features:**
    *   The face is significantly misshapen and distorted. There are large, bulbous growths extending from the cheek and jaw area – these appear to be tumors or extreme skin growths.
    *   The mouth is severely contracted, with deep wrinkles suggesting a constant grimace or pained expression.
    *   The eye is partially closed, conveying a sense of sadness, despair, or pain. There is a dark, heavy film covering the eye.
    *   The nose is heavily wrinkled.
    *   The skin is pale, deeply wrinkled, and covered in skin tags.

**Texture and Lighting:**

*   **Texture:** The photograph is dominated by the stark textures of the aged skin – the deep wrinkles, the raised skin tags, and the rough, uneven surface.
*   **Lighting:** The lighting is dramatic and directional, highlighting the contours and textures of the face. It emphasizes the shadows and creates a sense of depth and volume.

**Emotional Expression:**

The overall emotional impression is one of profound suffering, pain, and despair. The distorted features and the closed eye contribute to a feeling of immense sorrow and possibly a sense of isolation. 

**Important Note:** This image is highly unsettling due to the nature of the extreme disfigurement. It's important to approach it with sensitivity.

Would you like me to analyze the image in a particular way, such as its potential meaning or artistic techniques?",C:\Users\taran\OneDrive\Documents\thesis doc\Augmentation\fine tune\rotated_180_rotated_90_1 (1000).jpg
rotated_90_1 (1246).jpg,0,"Here's a detailed description of the image:

**Overall Impression:**

The image is a close-up, slightly angled portrait of a young person, likely a woman, wearing a green knitted beanie. The style leans towards a moody or artistic aesthetic.

**Subject:**

*   **Gender:** Appears to be female.
*   **Age:** Likely in their late teens or early twenties.
*   **Ethnicity:** Difficult to determine precisely due to lighting and the close-up view, but appears to be Caucasian.
*   **Facial Features:** The person has a naturally angular face with high cheekbones. Their skin tone is fair with visible freckles. They have dark, pronounced eyebrows and striking blue eyes. The lips are thin and a muted pink color.
*   **Expression:** The expression is intense and contemplative. Their eyes are looking directly at the camera with a slightly furrowed brow, suggesting a thoughtful or potentially melancholic mood. 

**Clothing & Accessories:**

*   **Beanie:** The individual is wearing a chunky, olive-green knitted beanie, which is a prominent feature of the image.
*   **Top:** The top is a dark blue, possibly grey, and is only partially visible.

**Technical Aspects:**

*   **Lighting:** The lighting is soft and diffused, creating subtle shadows and highlights across the face.
*   **Focus:** The focus is sharp on the eyes and forehead, drawing the viewer’s attention to the individual’s expression.
*   **Composition:** The headshot is cropped closely, emphasizing the emotional intensity of the subject’s gaze.

**Overall, the image conveys a sense of introspection and perhaps a hint of vulnerability through the subject’s intense expression and striking eyes.**",C:\Users\taran\OneDrive\Documents\thesis doc\Augmentation\fine tune\rotated_90_1 (1246).jpg
rotated_90_1 (1246).jpg,90,"Here's a detailed description of the image:

**Overall Impression:**
The image is a close-up, inverted shot of a person's face. The perspective is unusual, making the viewer see the bottom of the face, which creates a slightly surreal and engaging effect.

**Subject:**
*   **Gender:** The subject is a woman.
*   **Age:** She appears to be in her late teens or early twenties.
*   **Ethnicity:** It's difficult to definitively determine ethnicity from the image alone, but she has a fair complexion and features that suggest European descent. 
*   **Facial Features:**
    *   Her skin is fair with freckles scattered across her cheeks and nose.
    *   Her eyebrows are dark and arched.
    *   Her lips are a natural pink color and slightly pursed.
    *   She has piercing, bright blue eyes that are looking upwards.
    *   She has a small, slightly upturned nose.
    *   Her chin is strong and defined.

**Clothing & Accessories:**
*   She is wearing a light green or olive-colored knitted beanie. The texture of the wool is visible in the image. 
*   A dark blue, slightly wrinkled shirt is visible at the bottom of the frame.


**Emotional Expression:**
Her expression is neutral and somewhat contemplative. Her gaze is direct and focused, creating a sense of intensity.

**Technical Aspects:**
*   The lighting is soft and diffused, which contributes to the overall mood of the image.

Let me know if you’d like me to focus on a specific aspect of the image!",C:\Users\taran\OneDrive\Documents\thesis doc\Augmentation\fine tune\rotated_90_rotated_90_1 (1246).jpg
rotated_90_1 (1246).jpg,180,"Here’s a detailed description of the image:

**Overall Impression:** 
The image is a close-up, slightly overhead shot of a young woman wearing a knitted green hat. The lighting is soft and diffused, giving a muted, almost melancholic feel to the portrait. 

**Subject:**

*   **Gender:** Female
*   **Age:** Appears to be in her early to mid-20s.
*   **Ethnicity:** Caucasian.
*   **Facial Features:** The woman has a naturally fair complexion with freckles across her nose and cheeks. She has straight, dark eyebrows and a thin, naturally pink upper lip. Her eyes are a striking, light blue color and appear slightly shadowed, contributing to a contemplative expression. 
*   **Hair:** Dark, wavy hair is partially visible around her face, with some strands falling across her forehead.
*   **Expression:** She appears to be gazing directly at the viewer with a thoughtful and somewhat serious expression. There is a hint of vulnerability in her eyes. 

**Clothing and Accessories:**

*   **Hat:** She is wearing a chunky, knitted green hat with a ribbed pattern. The hat appears to be made of wool or a similar thick material.
*   **Top:** She is wearing a dark blue or black top that is slightly obscured, but it appears to be a simple, crew neck style. 

**Technical Aspects:**

*   **Shot Type:** Close-up, overhead shot.
*   **Lighting:** Soft, diffused lighting.
*   **Composition:** The image is tightly framed, focusing solely on the woman’s face and hat. 

**Overall Mood:** The image evokes a sense of introspection, quiet contemplation, and a touch of sadness or melancholy. It’s a portrait that invites the viewer to focus on the subject’s gaze and the subtle details of her expression. 

Would you like me to analyze any specific aspect of the image in more detail, such as the use of light or color?",C:\Users\taran\OneDrive\Documents\thesis doc\Augmentation\fine tune\rotated_180_rotated_90_1 (1246).jpg
rotated_90_1000_F.jpg,0,"Here's a detailed description of the image:

**Overall Impression:**

The image is a close-up, eye-level shot of a man who is hanging upside down by one hand from a sturdy, light-colored rope. He is surrounded by a blurred, out-of-focus background that appears to be a bright blue sky. The focus is entirely on the man and his expression.

**The Man:**

*   **Age:** The man appears to be in his late 30s or early 40s.
*   **Ethnicity:** He appears to be Asian, likely of Korean or Japanese descent. His features have characteristics associated with those ethnic groups.
*   **Gender:** Male
*   **Facial Features:** He has a strong jawline, dark eyes, and a serious expression. His eyebrows are furrowed, giving him a concentrated and somewhat troubled look. His skin is tanned.
*   **Clothing:** He is wearing a dark-colored, worn-looking jacket and dark trousers. 
*   **Emotional Expression:** He has a serious, focused, and possibly determined expression. His brow is furrowed, indicating concentration. 

**Background:** 

The background is a bright, airy blue sky. It is heavily blurred, drawing all attention to the subject. 

**Pose & Context:** 

The man is hanging upside down, with one hand gripping the rope tightly. This pose conveys a sense of strength, perseverance, or possibly a sense of struggle. 

**Overall, the image evokes a feeling of intensity and focus, suggesting a challenging situation or a moment of deep concentration.**

If you'd like, you can give me another image to describe!",C:\Users\taran\OneDrive\Documents\thesis doc\Augmentation\fine tune\rotated_90_1000_F.jpg
rotated_90_1000_F.jpg,90,"Here's a detailed description of the image:

**Overall Impression:**

The image is a dark, unsettling, and surreal depiction. A man is hanging upside down, seemingly suspended in a desolate, snowy environment. The overall tone is heavy and evokes a feeling of vulnerability and potential distress.

**Subject - The Man:**

*   **Position:** The man is hanging upside down, with his face directed downwards. His arms are outstretched, and he appears to be clinging to a dark gray material.
*   **Appearance:** He appears to be in his late 30s to mid-40s. He has short, dark hair and a strong, somewhat angular facial structure.
*   **Facial Expression:** His face is contorted in a grimace. His eyes are wide open with a look of intense fear or pain. His mouth is slightly open as if in a silent scream.
*   **Clothing:** He is wearing a dark gray jacket and pants.

**Background & Surrounding Elements:**

*   **Environment:** The background is a very bright white, suggesting a snowy or icy setting. There appears to be light reflecting off a snow-covered surface.
*   **Horses:** Several horses are visible in the background, running in a scattered formation. This adds to the chaotic and unsettling nature of the image. The horses' movement implies speed and a sense of danger.

**Additional Notes:**

*   The image is highly stylized and has a very strong emotional impact. It’s likely intended to be thought-provoking rather than a straightforward representation. 

**Disclaimer:** Please note that given the intensity of the image’s content, it may be disturbing for some viewers.",C:\Users\taran\OneDrive\Documents\thesis doc\Augmentation\fine tune\rotated_90_rotated_90_1000_F.jpg
rotated_90_1000_F.jpg,180,"Here's a detailed description of the image:

**Overall Impression:**

The image depicts a man lying on his side, with a horse’s head resting on his back. The setting appears to be outdoors, possibly a ranch or open pasture. The lighting suggests it's daytime, with a bright blue sky.

**The Man:**

*   **Position:** He is lying on his side, seemingly relaxed or possibly sleeping.
*   **Appearance:** He has a weathered face with dark hair and a tanned complexion. He appears to be middle-aged. 
*   **Facial Expression:** His eyes are closed, suggesting relaxation or sleep. His facial muscles are relaxed, indicating a calm state.
*   **Clothing:** He is wearing a dark, textured jacket that appears to be a wool or flannel material. 

**The Horse:**

*   **Position:** The horse's head is resting on the man’s back.
*   **Appearance:** The horse appears to be a chestnut color (reddish-brown). Its muzzle is close to the man's back. 

**Background:**

*   The background consists of a blurred, grassy field under a clear blue sky. This indicates an outdoor setting, possibly a ranch or pasture.

**Overall Impression and Context**

The image is likely intended to evoke a sense of peacefulness and connection with nature. The pose and the horse's head resting on the man’s back suggest a deep connection with animals and the land.",C:\Users\taran\OneDrive\Documents\thesis doc\Augmentation\fine tune\rotated_180_rotated_90_1000_F.jpg
stock-photo-montage-about-different-professions-557507020.jpg,0,"Here’s a detailed description of the image, broken down by each individual within the collage:

**Overall Impression:**

The image is a collage of portraits of diverse individuals, presented in vertical strips, set against a neutral grey background.  The overall feeling is one of variety and representation.

**Individual Descriptions (left to right):**

1.  **Black Man:** A mature Black man with dark skin, glasses, and short, dark hair. He has a serious, thoughtful expression.
2.  **Young Woman (Red Lipstick):** A young woman with long, dark hair and bright red lipstick. She has a slightly challenging, confident expression.
3.  **Man with Beard:** A middle-aged man with a thick beard, glasses, and a somewhat serious expression.
4.  **Young Woman (Smiling):**  A young woman with long, wavy brown hair and a bright, cheerful smile.
5.  **Young Woman (Dark Hair):** A young woman with long, dark hair and a thoughtful, serene expression.
6.  **Young Black Woman (Braids):**  A young woman with dark, braided hair and a focused expression.
7.  **Man in Suit:** A man in a dark suit and tie, looking directly at the camera with a professional, confident demeanor.
8.  **Young Woman (Blue Shirt):** A young woman wearing a blue shirt and looking straight at the camera, displaying a pleasant expression.
9.  **Man in Glasses:** An older man with a grey beard, glasses and a serious expression.
10. **Man in White Cap:** An older man wearing a white sailor’s cap and a striped shirt, displaying a friendly expression.

**General Notes:**

*   **Age Range:** The individuals span a wide age range, from young adults to older adults.
*   **Ethnic Diversity:**  The image represents individuals from diverse ethnic backgrounds, including Black, European, and potentially others.
*   **Gender:** The collage includes both male and female subjects.
*   **Expressions:** The emotional range of the subjects is varied, from serious and thoughtful to cheerful and confident.

If you would like me to analyze a specific aspect of the image in more detail (e.g., the styling or the representation of different groups), just let me know!",C:\Users\taran\OneDrive\Documents\thesis doc\Augmentation\fine tune\stock-photo-montage-about-different-professions-557507020.jpg
stock-photo-montage-about-different-professions-557507020.jpg,90,"Here's a detailed description of the image, breaking down each face and its characteristics:

**Overall Impression:**

The image is a collage of nine portraits of diverse individuals. It presents a range of ages, ethnicities, and emotional expressions.

**Individual Portraits (from left to right):**

1.  **Construction Worker:**  A middle-aged man with dark hair and stubble. He's wearing a hard hat and safety glasses, giving him a serious and focused appearance. His expression is neutral but suggests concentration.

2.  **Sailor:** A young man with dark hair, wearing a navy blue sailor shirt with white stripes. His expression is slightly serious.

3.  **Older Gentleman:**  A mature man with gray hair and a beard. He’s wearing a dark suit. His expression is gentle and thoughtful.

4.  **Young Woman in Glasses:** A young woman with long, light-colored hair. She’s wearing dark glasses and has a slightly melancholic expression.

5.  **Man in Black Suit:**  A middle-aged man in a dark suit. His expression is neutral, and he appears professional.

6.  **Woman with Red Lipstick:** A woman with dark hair and wearing red lipstick. She has a slightly sultry or confident expression.

7.  **Man with Short Hair:** A mature man with short, graying hair. He has a slightly frown, suggesting concern or dissatisfaction. 

8.  **Man with White Hair:** An elderly man with white hair and a beard. His expression appears serene and contemplative.

9. **Man with Dark Hair and Beard:** A man with dark hair and a beard. He is wearing a smile, indicating happiness.


**General Observations:**

*   **Diversity:** The image showcases a good variety of ages, hair colors, and ethnic backgrounds.
*   **Expressions:** The range of expressions – serious, thoughtful, confident, melancholic, concerned – adds interest to the composition. 

Would you like me to describe any particular detail more closely, or perhaps analyze the image further (e.g., its composition or potential use)?",C:\Users\taran\OneDrive\Documents\thesis doc\Augmentation\fine tune\rotated_90_stock-photo-montage-about-different-professions-557507020.jpg
stock-photo-montage-about-different-professions-557507020.jpg,180,"Here's a detailed description of the image, breaking down each individual and their characteristics:

**Overall Impression:**

The image is a collage of 12 head and shoulders portraits. Each individual is looking directly towards the camera, creating a sense of direct engagement.

**Individual Descriptions:**

1. **Young Boy (approx. 6-8 years old):** Dark brown hair, slightly messy, and a gentle, inviting smile.
2. **Young Boy (approx. 6-8 years old):** Brown hair, wide eyes, and a happy, playful expression.
3. **Young Girl (approx. 6-8 years old):** Blonde hair, wide smile, and a joyful expression.
4. **Young Girl (approx. 6-8 years old):** Brown hair, shy, with a slight frown.
5. **Young Boy (approx. 6-8 years old):** Brown hair, slightly concerned look, thoughtful expression.
6. **Young Boy (approx. 6-8 years old):** Brown hair, wearing a baseball cap, smiling warmly.
7. **Young Boy (approx. 6-8 years old):** Dark brown hair, wearing a safety vest, a pleasant, open expression.
8. **Young Girl (approx. 6-8 years old):** Blonde hair, a soft smile, and a calm demeanor.
9. **Young Boy (approx. 6-8 years old):** Brown hair, wearing a suit jacket and tie, appears professional and composed.
10. **Young Girl (approx. 6-8 years old):** Blonde hair, a warm smile.
11. **Young Boy (approx. 6-8 years old):** Brown hair, a neutral expression.
12. **Young Boy (approx. 6-8 years old):** Brown hair, a slight frown, showing some melancholy.

**General Notes:**

*   **Age:** All of the individuals appear to be approximately 6-8 years old.
*   **Ethnicity:** The ethnicities of the individuals are varied.
*   **Gender:** All are boys. 
* **Clothing:** The clothing worn varies from simple shirts to formal attire, suggesting a diversity of contexts.

Let me know if you'd like me to focus on a specific aspect of the image!",C:\Users\taran\OneDrive\Documents\thesis doc\Augmentation\fine tune\rotated_180_stock-photo-montage-about-different-professions-557507020.jpg
